<addon id="plugin.video.sombratv" version="1.0.0" name="sombratv" provider-name="unputofuet">
    <requires>
        <import addon="xbmc.python" version="3.0.0"/>
    </requires>
    <extension point="xbmc.python.plugin" library="default.py" />
    <extension point="xbmc.service" library="default.py" />
    <extension point="xbmc.addon.metadata">
        <summary>Comparte tu reproducción</summary>
        <description>Crea un botón para compartir lo que ves</description>
        <platform>all</platform>
    </extension>
</addon>
